{"cameraMode":{"drawMode":0,"name":"Shaded","section":"Shading Mode"},"sceneLighting":false,"audioPlay":false,"sceneViewState":{"m_AlwaysRefresh":false,"showFog":true,"showSkybox":false,"showFlares":true,"showImageEffects":true,"showParticleSystems":true,"showVisualEffectGraphs":true,"m_FxEnabled":true},"in2DMode":false,"pivot":{"x":2.3283064365386964e-9,"y":0.004455111920833588,"z":-0.08508209139108658},"rotation":{"x":-0.12858089804649354,"y":0.7993817925453186,"z":-0.18448172509670258,"w":-0.5571564435958862},"size":0.08556248992681503,"orthographic":false}