{"cameraMode":{"drawMode":0,"name":"Shaded","section":"Shading Mode"},"sceneLighting":true,"audioPlay":false,"sceneViewState":{"m_AlwaysRefresh":false,"showFog":true,"showSkybox":true,"showFlares":true,"showImageEffects":true,"showParticleSystems":true,"showVisualEffectGraphs":true,"m_FxEnabled":true},"in2DMode":false,"pivot":{"x":0.002042564796283841,"y":0.8229695558547974,"z":-0.48216062784194949},"rotation":{"x":-0.08254800736904144,"y":0.9145963191986084,"z":-0.3151225447654724,"w":-0.2395837903022766},"size":0.30473941564559939,"orthographic":false}